from,to,relationship,winstogether,year
im,ra,1,4,2026
im,tm,1,4,2026
im,rs,1,4,2026
yk03,mk71,1,5,2026
yk03,ck,1,5,2026
ss,tk,1,1,2026
ss,ka,1,1,2026
sg,br,1,1,2026
sg,lb,1,1,2026
as01,ct,1,3,2026
ks,sn,1,6,2026
ks,mg,1,5,2026
ks,mk,1,5,2026
mc,mh59,1,2,2026
mc,hs,1,2,2026
np,ab,1,1,2026
il,yk,1,4,2026
il,oj,1,4,2026
il,sk,1,4,2026
lg,gm,1,1,2026
lg,sc,1,1,2026
lg,lm,1,1,2026
ms04,au,1,1,2025
ms04,ir,1,1,2025
as01,br,1,2,2025
ka97,fb,1,2,2025
ka97,sf,1,2,2025
al,pd,1,2,2025
al,ms,1,2,2025
ag,da,1,1,2025
ag,tg,1,1,2025
as01,rm,1,1,2024
su,sl,1,4,2024
jb94,tw,1,2,2024
jb94,bo,1,1,2024
ck06,hc,1,1,2024
ck06,lb,1,1,2024
ck06,jb,1,1,2024
lh,jh,1,3,2024
kr,jr,1,1,2024
kr,mh69,1,1,2024
jc,hj,1,1,2023
hl,hj,1,1,2023
mm,sn,1,2,2023
mm,mg,1,2,2023
mm,sk95,1,1,2023
mm,mk,1,1,2023
vz,mh59,1,2,2022
vz,tz,1,2,2022
vz,dm85,1,2,2022
mq,et,1,1,2022
mq,sd,1,1,2022
mq,dg,1,1,2022
cp,aj,1,1,2022
cp,ra,1,1,2022
mb,ar,1,1,2022
mb,ra,1,1,2022
yy,tg,1,1,2022
yy,je,1,1,2022
nc,ra,1,3,2021
yh,bo,1,4,2021
yh,gb,1,2,2021
yh,tw,1,4,2021
mk95,am,1,1,2021
mk95,tp,1,1,2021
as,et,1,1,2021
as,sd,1,1,2021
as,dg,1,1,2021
et96,am,1,1,2021
et96,tp,1,1,2021
at04,ep,1,1,2021
at04,dm,1,1,2021
at04,sr,1,1,2021
kc,tg,1,1,2021
lh,ch,1,1,2021
su,my,1,2,2019
su,mh,1,2,2019
bj,xz,1,3,2019
bj,fc,1,3,2019
az,et,1,2,2019
az,sd,1,2,2019
et00,et,1,1,2019
et00,sd,1,1,2019
em,bo,1,1,2019
em,tw,1,1,2019
em,gb,1,1,2019
rk,mh59,1,1,2019
su,xz,1,1,2018
su,fc,1,1,2018
mk95,vc,1,2,2018
ab88,gc,1,1,2018
kt,th,1,1,2018
kt,ys,1,1,2018
ko,rw,1,2,2018
wh,ko57,1,1,2018
wh,ns,1,1,2018
sm,mh59,1,2,2018
sm,yt,1,2,2018
ck,am,1,1,2018
ck,mh69,1,1,2018
jf,bo,1,2,2017
jf,tw,1,2,2017
pc,ms56,1,1,2017
pc,oe,1,1,2017
pc,jj,1,1,2017
em,et,1,2,2017
gd,lb,1,1,2017
gd,bo,1,1,2017
gd,tw,1,1,2017
pc,kj,1,1,2016
aw,ra,1,1,2016
aw,nk,1,1,2016
ap,at,1,1,2016
gg,fc38,1,1,2016
sm,yn,1,1,2016
usa,nc,2,NA,NA
usa,ra,3,NA,NA
jpn,yk03,2,NA,NA
jpn,yh,2,NA,NA
jpn,bo,3,NA,NA
jpn,gb,3,NA,NA
jpn,tw,3,NA,NA
jpn,su,2,NA,NA
jpn,sl,3,NA,NA
rus,mk95,2,NA,NA
rus,am,3,NA,NA
rus,tp,3,NA,NA
rus,as,2,NA,NA
rus,sd,3,NA,NA
rus,dg,3,NA,NA
rus,et,2,NA,NA
rus,at04,2,NA,NA
rus,ep,3,NA,NA
rus,dm,3,NA,NA
rus,sr,3,NA,NA
usa,kc,2,NA,NA
usa,tg,3,NA,NA
bel,lh,2,NA,NA
bel,ch,3,NA,NA
jpn,yk,2,NA,NA
jpn,mk,3,NA,NA
jpn,ck,3,NA,NA
usa,vz,2,NA,NA
usa,mh,3,NA,NA
usa,tz ,3,NA,NA
geo,mq,2,NA,NA
geo,sd,3,NA,NA
geo,dg,3,NA,NA
usa,cp,2,NA,NA
usa,aj,3,NA,NA
jpn,ks,2,NA,NA
jpn,sn,3,NA,NA
jpn,mg,3,NA,NA
bel,jh,3,NA,NA
usa,al,2,NA,NA
usa,pd,3,NA,NA
usa,mb,2,NA,NA
usa,ar,3,NA,NA
kor,yy,2,NA,NA
kor,tg,3,NA,NA
kor,je,3,NA,NA
kor,jc,2,NA,NA
kor,hc,3,NA,NA
usa,tm,3,NA,NA
usa,rs,3,NA,NA
fra,ka,2,NA,NA
fra,fb,3,NA,NA
fra,sf,3,NA,NA
usa,jb94,2,NA,NA
usa,tw,3,NA,NA
jpn,mk71,3,NA,NA
kor,hl,2,NA,NA
kor,hc,3,NA,NA
usa,jh,3,NA,NA
bel,il,2,NA,NA
bel,yk,3,NA,NA
bel,oj,3,NA,NA
bel,sk,3,NA,NA
jpn,sk95,3,NA,NA
jpn,ss,2,NA,NA
jpn,tk,3,NA,NA
jpn,ka,3,NA,NA
jpn,mc,2,NA,NA
jpn,mh,3,NA,NA
jpn,hs,3,NA,NA
usa,im,2,NA,NA
usa,il,2,NA,NA
usa,yk,3,NA,NA
usa,sk,3,NA,NA
usa,ag,2,NA,NA
usa,da,3,NA,NA
usa,jb94,2,NA,NA
uzb,tm,3,NA,NA
uzb,rs,3,NA,NA
fra,br,3,NA,NA
fra,as01,2,NA,NA
fra,ct,3,NA,NA
fra,ka,2,NA,NA
fra,fb,3,NA,NA
fra,rm,3,NA,NA
ita,ck,3,NA,NA
ita,lg,2,NA,NA
ita,gm,3,NA,NA
ita,lm,3,NA,NA
ita,ir,3,NA,NA
ita,sf,3,NA,NA
ita,ms,3,NA,NA
can,sg,2,NA,NA
can,lb,3,NA,NA
can,sc,3,NA,NA
can,tw,3,NA,NA
can,bo,3,NA,NA
can,jb,3,NA,NA
rus,au,3,NA,NA
kor,ck06,2,NA,NA
kor,hc,3,NA,NA
bel,np,2,NA,NA
bel,ab,3,NA,NA
sui,sl,3,NA,NA
sui,kr,2,NA,NA
sui,jr,3,NA,NA
kaz,ms04,2,NA,NA
geo,oj,3,NA,NA
deu,mh69,3,NA,NA
can,gb,3,NA,NA
usa,dm85,3,NA,NA
jpn,mh59,3,NA,NA
jpn,my,3,NA,NA
chn,bj,2,NA,NA
chn,xz,3,NA,NA
chn,fc,3,NA,NA
rus,az,2,NA,NA
kaz,et00,2,NA,NA
rus,em,2,NA,NA
jpn,rk,2,NA,NA
rus,vc,3,NA,NA
isr,ab88,2,NA,NA
isr,gc,3,NA,NA
jpn,kt,2,NA,NA
jpn,th,3,NA,NA
jpn,ys,3,NA,NA
can,ko,2,NA,NA
can,rw,3,NA,NA
jpn,wh,2,NA,NA
jpn,ko57,3,NA,NA
jpn,ns,3,NA,NA
jpn,sm,2,NA,NA
jpn,yt,3,NA,NA
spa,jf,2,NA,NA
can,pc,2,NA,NA
rus,ms56,3,NA,NA
rus,oe,3,NA,NA
usa,jj,3,NA,NA
can,gd,2,NA,NA
jpn,mm,2,NA,NA
usa,sn,3,NA,NA
usa,mg,3,NA,NA
can,kj,3,NA,NA
usa,aw,2,NA,NA
rus,nk,3,NA,NA
rus,ap,2,NA,NA
rus,at,3,NA,NA
usa,gg,2,NA,NA
usa,fc38,3,NA,NA
jpn,yn,3,NA,NA