id,name_long,name_short,sex,points,type,country,birth year
im,Ilia Malinin,Malinin,2,18,0,USA,2004
ra,Rafael Arutyunyan,Arutyunyan,2,NA,1,USA,1957
tm,Tatiana Malinina,Malinina,1,NA,1,Uzbekistan,1973
rs,Roman Skorniakov,Skorniakov,2,NA,1,Uzbekistan,1976
yk03,Yūma Kagiyama,YKagiyama,2,19,0,Japan,2003
mk71,Masakazu Kagiyama,MKagiyama,2,NA,1,Japan,1971
ck,Carolina Kostner,Kostner,1,NA,1,Italien,1987
ss,Shun Sato,SSato,2,3,0,Japan,2004
tk,Tadao Kusaka,Kusaka,2,NA,1,Japan,1979
ka,Keiko Asano,Asano,1,NA,1,Japan,NA
sg,Stephen Gogolev,Gogolev,2,2,0,Kanada,2004
br,Benoit Richaud,Richaud,2,NA,1,Frankreich,1988
lb,Lee Barkell,Barkell,2,NA,1,Kanada,NA
as01,Adam Siao Him Fa,Siao Him Fa,2,6,0,Frankreich,2001
ct,Cedric Tour,Tour,2,NA,1,Frankreich,NA
ks,Kaori Sakamoto,Sakamoto,1,25,0,Japan,2000
sn,Sonoko Nakano,Nakano,1,NA,1,Japan,1952
mg,Mitsuko Graham,Graham,1,NA,1,USA,1970
mk,Masahiro Kawagoe,Kawagoe,2,NA,1,Japan,1965
mc,Mone Chiba,Chiba,1,7,0,Japan,2005
mh59,Mie Hamada,Hamada,1,NA,1,Japan,1959
hs,Hiroaki Sato,HSato,2,NA,1,Japan,1995
np,Nina Pinzarrone,Pinzarrone,1,3,0,Belgien,2006
ab,Ans Bocklandt,Bocklandt,1,NA,1,Belgien,1980
il,Isabeau Levito,Levito,1,6,0,USA,2007
yk,Yulia Kuznetsova,Kuznetsova,1,NA,1,USA,1995
oj,Otar Japaridze,Japaridze,2,NA,1,Georgien,1987
sk,Slava Kuznetsov,Kuznetsov,2,NA,1,USA,1983
lg,Lara Naki Gutmann,Naki Gutmann,1,1,0,Italien,2002
gm,Gabriele Minchio,Minchio,2,NA,1,Italien,1985
sc,Stephanie Cuel,Cuel,1,NA,1,Kanada,NA
lm,Linda Mariotti,Mariotti,1,NA,1,Italien,NA
ms04,Mikhail Shaidorov,Shaidorov,2,4,0,Kasachstan,2004
au,Alexei Urmanov,Urmanov,2,NA,1,Russland,1973
ir,Ivan Righini,Righini,2,NA,1,Italien,1991
ka97,Kévin Aymoz,Aymoz,2,3,0,Frankreich,1979
fb,Françoise Bonnard,Bonnard,1,NA,1,Frankreich,1965
sf,Silvia Fontana,Fontana,1,NA,1,Italien,1976
al,Alysa Liu,Liu,1,8,0,USA,2005
pd,Phillip DiGuglielmo,DiGuglielmo,2,NA,1,USA,NA
ms,Massimo Scali,Scali,2,NA,1,Italien,1979
ag,Amber Glenn,Glenn,1,1,0,USA,1999
da,Damon Allen,Allen,2,NA,1,USA,1973
tg,Tammy Gambill,Gambill,1,NA,1,USA,1974
rm,Rodolphe Maréchal,Maréchal,2,NA,1,Frankreich,2001
su,Shoma Uno,Uno,2,24,0,Japan,1997
sl,Stéphane Lambiel,Lambiel,2,NA,1,Schweiz,1985
jb94,Jason Brown,Brown,2,2,0,USA,1994
tw,Tracy Wilson,Wilson,1,NA,1,Kanada,1961
bo,Brian Orser,Orser,2,NA,1,Kanada,1961
ck06,Chaeyeon Kim,Kim,1,3,0,Südkorea,2006
hc,Hyungkyung Choi,Choi,1,NA,1,Südkorea,1980
jb,Jeffrey Buttle,Buttle,2,NA,1,Kanada,1982
lh,Loena Hendrickx,LHendrickx,1,11,0,Belgien,1999
jh,Jorik Hendrickx,JHendrickx,2,NA,1,Belgien,1992
kr,Kimmy Repond,KRepond,1,1,0,Schweiz,2006
jr,Jéromie Repond,JRepond,1,NA,1,Schweiz,1999
mh69,Michael Huth,Huth,2,NA,1,Deutschland,1969
jc,Junhwan Cha,Cha,2,4,0,Südkorea,2001
hj,Hyun Jung Chi,Jung Chi,1,NA,1,Südkorea,1971
hl,Haein Lee,Lee,1,4,0,Südkorea,2005
mm,Mai Mihara,Mihara,1,2,0,Japan,1999
sk95,Sei Kawahara,Kawahara,2,NA,1,Japan,1995
vz,Vincent Zhou,Zhou,2,6,0,USA,2000
tz,Tom Zakrajsek,Zakrajsek,2,NA,1,USA,1963
dm85,Drew Meekins,Meekins,2,NA,1,USA,1985
mq,Morisi Qvitelashvili,Qvitelashvili,2,2,0,Georgien,1995
et,Eteri Tutberidse,Tutberidse,1,NA,1,Russland,1974
sd,Sergei Dudakov,Dudakov,2,NA,1,Georgien,1970
dg,Daniil Gleikhengauz,Gleikhengauz,2,NA,1,Georgien,1991
cp,Camden Pulkinen,Pulkinen,2,1,0,USA,2000
aj,Alex Johnson,AJohnson,2,NA,1,USA,1990
mb,Mariah Bell,Bell,1,2,0,USA,1996
ar,Adam Rippon,Rippon,2,NA,1,USA,1989
yy,Young You,You,1,1,0,Südkorea,2004
je,Ji Eun Choi,Eun Choi,1,NA,1,Südkorea,1988
nc,Nathan Chen,NChen,2,15,0,USA,1999
yh,Yuzuru Hanyū,Hanyū,2,16,0,Japan,1994
gb,Ghislain Briand,Briand,2,NA,1,Japan,1962
mk95,Mikhail Kolyada,Kolyada,2,8,0,Russland,1995
am,Alexei Mishin,Mishin,2,NA,1,Russland,1941
tp,Tatiana Prokofieva,Prokofieva,1,NA,1,Russland,1986
as,Anna Shcherbakova,Shcherbakova,1,5,0,Russland,2004
et96,Elizaveta Tuktamysheva,Tuktamysheva,1,4,0,Russland,1996
at04,Alexandra Trusova,Trusova,1,3,0,Russland,2004
ep,Evgeni Plushenko,Plushenko,2,NA,1,Russland,1982
dm,Dmitri Mikhailov,Mikhailov,2,NA,1,Russland,1998
sr,Sergei Rozanov,Rozanov,2,NA,1,Russland,1989
kc,Karen Chen,KChen,1,4,0,USA,1999
ch,Carine Herrygers,Herrygers,1,NA,1,Belgien,NA
my,Machiko Yamada,Yamada,1,NA,1,Japan,1943
mh,Mihoko Higuchi,MHiguchi,1,NA,1,Japan,1969
bj,Boyang Jin,Jin,2,7,0,China,1997
xz,Xu Zhaoxiao,Zhaoxiao,2,NA,1,China,1965
fc,Fu Caishu,Caishu,1,NA,1,China,1967
az,Alina Zagitova,Zagitova,1,6,0,Russland,2002
et00,Elizabet Tursynbaeva,Tursynbaeva,1,4,0,Kasachstan,2000
em,Evgeniya Medevedeva,Medevedeva,1,13,0,Russland,1999
rk,Rika Kihira,Kihira,1,2,0,Japan,2002
vc,Valentina Chebotareva,Chebotareva,1,NA,1,Russland,1980
ab88,Alexei Bychenko,Bychenko,2,2,0,Israel,1988
gc,Galit Chait,Chait,2,NA,1,Israel,1975
kt,Kazuki Tomono,Tomono,2,1,0,Japan,1998
th,Taijin Hiraike,Hiraike,2,NA,1,Japan,1978
ys,Yukako Sugita,Sugita,1,NA,1,Japan,1998
ko,Kaetlyn Osmond,Osmond,1,9,0,Kanada,1995
rw,Ravi Walia,Walia,2,NA,1,Kanada,1973
wh,Wakaba Higuchi,WHiguchi,1,4,0,Japan,2001
ko57,Koji Okajima,Okajima,2,NA,1,Japan,1957
ns,Noriko Sato,NSato,1,NA,1,Japan,1959
sm,Satoko Miyahara,Miyahara,1,4,0,Japan,1998
yt,Yamato Tamura,Tamura,2,NA,1,Japan,1979
jf,Javier Fernández,Fernández,2,4,0,Spanien,1991
pc,Patrick Chan,Chan,2,2,0,Kanada,1990
ms56,Marina Sujewa,Sujewa,1,NA,1,Russland ,1992
oe,Oleg Epstein,Epstein,2,NA,1,Russland ,1956
jj,Johnny Johns,Johns,2,NA,1,USA,1951
gd,Gabrielle Daleman,Daleman,1,3,0,Kanada,1998
kj,Kathy Johnson,KJohnson,1,NA,1,Kanada,1959
aw,Ashley Wagner,Wagner,1,4,0,USA,1991
nk,Nadezda Kanaeva,Kanaeva,1,NA,1,Russland,1982
ap,Anna Pogorilaya,Pogorilaya,1,3,0,Russland ,1998
at,Anna Tsareva,Tsareva,1,NA,1,Russland,2004
gg,Gracie Gold,Gold,1,2,0,USA,1995
fc38,Frank Carroll,Carroll,2,NA,1,USA,1938
yn,Yoko Niino,Niino,1,NA,1,Japan,1975
jpn,Japan,JPN,NA,NA,2,Japan,
usa,USA,USA,NA,NA,2,USA,
rus,Russland,RUS,NA,NA,2,Russland,
kor,Südkorea,SKO,NA,NA,2,Südkorea,
fra,Frankreich,FRA,NA,NA,2,Frankreich,
ita,Italien,ITA,NA,NA,2,Italien,
can,Kanada,KAN,NA,NA,2,Kanada,
uzb,Uzbekistan,UZB,NA,NA,2,Uzbekistan,
bel,Belgien,BEL,NA,NA,2,Belgien,
sui,Schweiz,SUI,NA,NA,2,Schweiz,
kaz,Kasachstan,KAZ,NA,NA,2,Kasachstan,
geo,Georgien,GEO,NA,NA,2,Georgien,
deu,Deutschland,DEU,NA,NA,2,Deutschland,
spa,Spanien,SPA,NA,NA,2,Spanien,
isr,Israel,ISR,NA,NA,2,Israel,
chn,China,CHN,NA,NA,2,China,
wc2016,World Championship 2016,2016,4,NA,3,NA,NA
wc2017,World Championship 2017,2017,4,NA,3,NA,NA
wc2018,World Championship 2018,2018,4,NA,3,NA,NA
wc2019,World Championship 2019,2019,4,NA,3,NA,NA
wc2021,World Championship 2021,2021,4,NA,3,NA,NA
wc2022,World Championship 2022 ,2022,4,NA,3,NA,NA
wc2023,World Championship 2023,2023,4,NA,3,NA,NA
wc2024,World Championship 2024,2024,4,NA,3,NA,NA
wc2025,World Championship 2025,2025,4,NA,3,NA,NA
wc2026,World Championship 2026,2026,4,NA,3,NA,NA
